node,gpu,start_s,end_s,util_pct,mem_gib
0,0,0,2420,9.396,1.306
0,0,0,53775,0.219,0.713
0,0,0,5544,8.198,0.37
0,2,0,389,5.115,0.818
0,2,0,13489,8.433,1.307
0,2,0,15393,4.896,0.255
0,3,0,4585,6.217,0.824
0,3,0,8698,5.867,1.252
0,5,0,6137,19.868,7.728
0,6,0,26295,71.518,6.059
0,7,0,5867,16.447,0.807
1,0,0,86400,87.611,10.11
1,1,0,3219,13.665,6.394
1,1,0,86400,87.611,10.11
1,4,0,10086,3.135,1.468
1,6,0,86400,87.611,10.11
1,7,0,18341,15.172,1.009
1,7,0,86400,87.611,10.11
2,2,0,28615,2.638,3.185
2,6,0,390,2.527,0.537
2,7,0,86400,96.032,2.249
3,0,0,22859,93.083,23.057
3,1,0,22859,93.083,23.057
3,2,0,22859,93.083,23.057
3,3,0,22859,93.083,23.057
3,4,0,22859,93.083,23.057
3,5,0,22859,93.083,23.057
3,7,0,22859,93.083,23.057
4,0,0,22859,93.378,23.069
4,1,0,22859,93.378,23.069
4,2,0,22859,93.378,23.069
4,3,0,22859,93.378,23.069
4,5,0,22859,93.378,23.069
4,6,0,22859,93.378,23.069
4,7,0,22859,93.378,23.069
5,0,0,3325,93.34,23.069
5,1,0,3325,93.34,23.069
5,2,0,3325,93.34,23.069
5,3,0,3325,93.34,23.069
5,4,0,3325,93.34,23.069
5,5,0,3325,93.34,23.069
5,6,0,3325,93.34,23.069
6,0,0,42446,93.646,23.078
6,1,0,42446,93.646,23.078
6,2,0,42446,93.646,23.078
6,3,0,42446,93.646,23.078
6,5,0,42446,93.646,23.078
6,6,0,42446,93.646,23.078
6,7,0,42446,93.646,23.078
7,0,0,86400,91.798,34.075
7,1,0,86400,91.798,34.075
7,2,0,86400,91.798,34.075
7,3,0,86400,91.798,34.075
7,4,0,86400,91.798,34.075
7,5,0,86400,91.798,34.075
7,6,0,86400,91.798,34.075
1,4,77,701,0.646,0.223
2,1,77,864,0.981,0.239
1,4,128,20543,9.761,0.827
0,2,425,826,0.659,0.33
2,1,694,2058,6.775,0.485
0,2,837,31950,1.576,0.459
2,6,838,31957,2.848,0.459
1,4,846,8775,9.498,0.81
2,6,1230,9187,3.935,0.241
0,3,1942,9803,9.163,0.367
2,0,2097,2190,0.381,1.022
2,1,2247,47796,18.875,0.461
2,0,2418,4114,4.372,4.163
0,0,2563,25399,0.7,0.462
1,1,3537,4727,6.392,1.639
1,1,4130,7013,8.701,1.908
0,3,4722,5481,15.013,1.967
0,3,5089,10253,2.216,0.457
0,3,5653,19581,0.81,0.335
0,5,6155,6507,18.028,6.508
0,7,6417,18643,12.903,0.355
0,7,6449,7131,1.799,0.246
0,5,6531,6841,18.953,6.152
1,1,6658,9997,5.063,3.815
2,0,6659,10065,3.38,3.935
1,1,7045,33551,0.181,2.195
0,7,7150,9928,5.288,0.485
0,5,7381,23459,2.291,4.274
0,1,7526,8207,3.266,0.306
0,1,8233,14861,9.712,0.234
5,0,8296,57127,93.659,23.081
5,1,8296,57127,93.659,23.081
5,2,8296,57127,93.659,23.081
5,3,8296,57127,93.659,23.081
5,4,8296,57127,93.659,23.081
5,5,8296,57127,93.659,23.081
5,7,8296,57127,93.659,23.081
0,3,8980,12980,7.895,0.418
1,4,9474,16294,5.75,2.417
2,6,9475,17802,4.631,2.307
0,0,9802,10439,4.76,0.326
0,3,9908,10493,0.79,0.21
0,1,9930,11244,5.668,0.308
0,7,10066,21775,6.768,0.272
1,1,10108,18963,11.421,2.816
2,0,10109,19161,6.261,2.798
0,3,10305,11191,0.044,0.065
0,3,10554,18419,5.729,0.235
1,4,10936,25782,9.487,2.33
0,3,11683,29206,9.244,2.328
1,4,12186,12502,2.231,1.091
1,4,12567,23249,13.594,0.399
0,3,13075,15733,4.384,0.408
0,7,14513,28422,0.073,1.577
0,2,14762,16544,5.363,0.959
0,1,14927,19156,19.771,0.679
0,0,16279,16836,0.947,1.541
0,2,17518,86400,3.942,0.74
0,2,17625,18249,4.609,0.872
1,4,17625,18065,4.311,0.838
2,0,17626,18439,3.036,0.901
2,6,17955,18748,1.54,0.898
1,7,18367,22987,25.285,8.75
1,5,18368,25251,25.401,8.652
0,3,18440,20827,7.417,1.938
1,4,19163,19661,4.569,0.875
0,1,19164,19841,5.507,0.893
2,1,19165,19995,7.036,0.903
0,1,19320,19504,0.769,0.712
0,1,19632,44836,19.572,1.207
0,0,19642,62602,18.22,1.177
0,3,21186,22490,48.614,4.474
0,7,21218,24101,6.6,1.882
0,7,21951,22145,1.927,0.853
0,3,22890,24076,32.862,4.388
3,0,22900,70759,92.962,23.068
3,1,22900,70759,92.962,23.068
3,3,22900,70759,92.962,23.068
3,4,22900,70759,92.962,23.068
3,5,22900,70759,92.962,23.068
3,6,22900,70759,92.962,23.068
3,7,22900,70759,92.962,23.068
4,0,22900,70759,93.124,23.077
4,1,22900,70759,93.124,23.077
4,2,22900,70759,93.124,23.077
4,3,22900,70759,93.124,23.077
4,5,22900,70759,93.124,23.077
4,6,22900,70759,93.124,23.077
4,7,22900,70759,93.124,23.077
1,7,23808,24450,1.092,7.739
2,0,23808,24449,1.0,7.788
0,2,24036,25792,1.607,4.119
0,1,24151,42235,13.579,0.235
0,7,24163,24228,0.667,0.152
0,7,25559,31564,38.259,7.565
0,5,25733,32377,43.334,2.731
0,2,25836,27144,5.977,1.649
0,4,26301,26688,31.0,5.926
0,4,26911,31302,79.555,4.151
0,4,27168,44944,28.046,6.208
0,0,27394,40143,0.088,2.599
1,4,27423,27518,8.0,1.941
0,6,27589,28142,11.681,1.809
1,4,27929,28113,6.051,2.648
2,1,28681,31356,15.996,4.584
0,3,29320,35295,3.766,0.826
2,5,31263,86400,97.665,8.259
2,0,31283,86400,97.784,8.259
0,6,31316,86400,97.571,8.263
2,2,31534,86400,97.81,8.26
0,7,31577,86400,97.607,8.264
2,6,31967,86400,97.793,8.257
0,4,32246,86400,6.289,0.255
0,3,32255,33373,17.947,1.987
0,5,32385,86400,97.557,8.265
0,3,32489,33754,6.836,1.626
1,1,33574,86400,97.794,8.261
0,2,34693,40973,4.566,5.177
0,3,34878,39119,4.753,2.076
1,5,35557,35630,2.706,2.415
1,5,36401,37269,10.686,8.308
1,7,36421,37178,12.684,7.913
1,4,36947,86400,87.43,10.316
1,7,37912,44534,10.196,2.342
0,3,39354,86400,29.507,1.212
0,3,39714,40288,0.513,1.925
0,3,40311,40644,0.087,0.482
0,3,40822,41117,9.574,3.318
0,0,41100,44906,0.309,1.163
0,3,41142,41950,0.402,0.181
0,3,42066,43281,0.163,0.149
6,0,42498,86400,93.287,23.07
6,1,42498,86400,93.287,23.07
6,2,42498,86400,93.287,23.07
6,3,42498,86400,93.287,23.07
6,4,42498,86400,93.287,23.07
6,5,42498,86400,93.287,23.07
6,7,42498,86400,93.287,23.07
0,2,43146,44338,4.631,1.6
0,1,43281,44598,3.577,1.651
0,2,43363,57152,54.079,4.344
0,3,43363,53273,41.084,4.346
0,1,45439,48004,22.027,5.694
0,2,48637,51152,8.19,2.007
0,0,48645,50846,0.109,2.624
0,1,48787,48872,15.632,1.024
1,7,49627,50374,1.205,5.723
0,1,50297,50330,0.667,0.209
0,4,50366,50644,4.542,0.981
1,7,50721,53780,19.037,2.251
1,5,51369,54387,42.845,4.472
0,4,51905,52493,14.433,1.754
0,0,52018,53871,11.289,0.337
0,1,52210,53400,7.091,1.632
0,4,52585,55440,6.38,2.03
0,0,53809,54459,8.466,1.557
0,0,53910,59234,22.59,0.825
0,0,54487,61617,2.689,0.808
1,5,54708,55917,9.143,0.669
0,4,55832,61273,4.223,0.826
0,4,57348,82152,9.967,0.827
0,2,57357,60074,2.674,0.428
0,3,57499,67544,30.247,4.336
1,7,58440,86400,75.335,6.059
2,1,59007,85658,11.951,0.441
0,2,59391,59795,22.232,0.298
0,0,59421,59835,19.294,0.299
0,2,59817,86400,11.377,0.371
0,0,59877,60132,1.63,0.403
0,2,60292,73739,7.647,0.816
0,0,61121,63363,8.013,0.409
0,4,61445,61850,2.321,1.628
0,4,62529,64721,2.363,1.822
0,1,62559,73256,3.123,0.477
0,0,64238,65316,3.743,1.747
0,4,65018,86400,3.294,1.666
0,1,68479,70118,7.855,1.775
0,1,70337,77391,13.573,2.744
0,3,71207,72124,11.232,1.876
0,3,72302,74966,4.064,4.228
0,1,73333,76642,11.991,2.042
0,2,74143,86400,13.731,1.343
0,3,75134,86400,1.799,1.241
0,3,76785,78111,2.0,0.218
0,1,77392,86400,8.609,1.261
0,1,77442,86400,8.323,2.274
0,3,78495,86400,6.228,0.356
0,1,82389,86400,3.404,0.235
0,4,82581,84313,8.281,0.93
2,1,84092,86400,10.047,0.815
0,0,84903,86400,1.721,4.282
2,1,86187,86400,11.859,1.204
